algorithm,num_nodes,num_edges,repeat,timeout,preserved_edges_count,run_time_sec_wall,time_ms,mappings_explored,recursive_calls,pruned_branches,search_space_size,solution_optimality,memory_usage_mb
bruteforce_pruning,7,6,1,False,6,0.107,1.3790130615234375,5,98,120,49,True,27.984375
connected_mces,7,6,1,False,6,0.111,5.259037017822266,41,464,335,49,True,29.25
greedy_path_mces,7,6,1,False,5,0.119,12.632131576538086,0,0,0,49,False,29.21875
bruteforce,7,6,1,False,6,0.184,72.2360610961914,5040,0,0,49,True,28.984375
simulated_annealing,7,6,1,False,5,0.083,12.284994125366211,225,,,49,False,30.078125
bruteforce_pruning,7,6,2,False,6,0.075,5.7621002197265625,5,355,879,49,True,29.84375
bruteforce,7,6,2,False,6,0.144,72.15619087219238,5040,0,0,49,True,30.125
connected_mces,7,6,2,False,6,0.083,5.196094512939453,18,380,869,49,True,29.828125
greedy_path_mces,7,6,2,False,5,0.087,13.212919235229492,0,0,0,49,False,29.953125
simulated_annealing,7,6,2,False,6,0.088,12.03298568725586,225,,,49,False,29.71875
bruteforce_pruning,7,6,3,False,6,0.077,4.895925521850586,5,356,637,49,True,29.96875
bruteforce,7,6,3,False,6,0.143,72.83782958984375,5040,0,0,49,True,29.875
connected_mces,7,6,3,False,6,0.084,4.941225051879883,31,408,611,49,True,29.96875
greedy_path_mces,7,6,3,False,5,0.08,3.8149356842041016,0,0,0,49,False,29.828125
simulated_annealing,7,6,3,False,6,0.085,12.323141098022461,225,,,49,False,29.640625
bruteforce,7,6,4,False,6,0.14,69.1671371459961,5040,0,0,49,True,29.875
bruteforce_pruning,7,6,4,False,6,0.073,5.124807357788086,5,324,677,49,True,28.5
greedy_path_mces,7,6,4,False,4,0.079,12.599945068359375,0,0,0,49,False,28.46875
connected_mces,7,6,4,False,6,0.097,28.54299545288086,363,2348,1475,49,True,29.296875
simulated_annealing,7,6,4,False,5,0.078,12.157917022705078,225,,,49,False,29.5
ilp_r2,7,6,3,False,2,0.404,329.65612411499023,7,,,49,True,30.234375
ilp_r2,7,6,4,False,2,0.15,78.93490791320801,7,,,49,True,29.53125
ilp_r2,7,6,1,False,1,0.816,707.5600624084473,7,,,49,True,19.765625
ilp_r2,7,6,2,False,1,0.623,546.0519790649414,7,,,49,True,27.421875
connected_mces,7,6,5,False,6,0.071,2.4480819702148438,19,201,337,49,True,29.1875
bruteforce_pruning,7,6,5,False,6,0.073,2.5370121002197266,5,176,351,49,True,30.234375
bruteforce,7,6,5,False,6,0.146,71.73776626586914,5040,0,0,49,True,29.828125
greedy_path_mces,7,6,5,False,5,0.081,12.546062469482422,0,0,0,49,False,29.5625
ilp_r2,7,6,5,False,2,0.101,32.74798393249512,7,,,49,True,29.984375
simulated_annealing,7,6,5,False,6,0.086,12.5579833984375,225,,,49,False,29.640625
bruteforce_pruning,7,8,1,False,7,0.08,8.941650390625,6,472,838,49,True,29.109375
connected_mces,7,8,1,False,7,0.084,8.471012115478516,21,537,844,49,True,30.421875
greedy_path_mces,7,8,1,False,5,0.095,22.89104461669922,0,0,0,49,False,29.109375
bruteforce,7,8,1,False,7,0.163,90.5919075012207,5040,0,0,49,True,30.109375
simulated_annealing,7,8,1,False,6,0.082,13.804197311401367,225,,,49,False,30.015625
ilp_r2,7,8,1,False,3,0.111,41.25213623046875,7,,,49,True,30.703125
bruteforce_pruning,7,8,2,False,6,0.094,20.318031311035156,3,985,1425,49,True,30.328125
connected_mces,7,8,2,False,6,0.09,15.23900032043457,5,987,1423,49,True,30.171875
bruteforce,7,8,2,False,6,0.16,89.37501907348633,5040,0,0,49,True,29.984375
greedy_path_mces,7,8,2,False,6,0.097,25.331974029541016,0,0,0,49,False,29.859375
simulated_annealing,7,8,2,False,6,0.085,13.657093048095703,225,,,49,False,29.171875
bruteforce_pruning,7,8,3,False,7,0.093,18.35799217224121,5,1020,1602,49,True,30.15625
connected_mces,7,8,3,False,7,0.088,16.189098358154297,9,1047,1602,49,True,29.84375
greedy_path_mces,7,8,3,False,6,0.093,24.046897888183594,0,0,0,49,False,29.9375
bruteforce,7,8,3,False,7,0.16,88.45186233520508,5040,0,0,49,True,29.125
simulated_annealing,7,8,3,False,6,0.083,13.696908950805664,225,,,49,False,29.125
ilp_r2,7,8,3,False,4,0.106,38.49911689758301,7,,,49,True,29.0625
bruteforce_pruning,7,8,4,False,7,0.072,3.8619041442871094,1,206,347,49,True,29.5625
connected_mces,7,8,4,False,7,0.073,3.0989646911621094,1,206,347,49,True,29.5625
greedy_path_mces,7,8,4,False,5,0.087,13.133049011230469,0,0,0,49,False,29.9375
bruteforce,7,8,4,False,7,0.163,89.97702598571777,5040,0,0,49,True,29.96875
ilp_r2,7,8,4,False,4,0.11,40.18974304199219,7,,,49,True,30.171875
simulated_annealing,7,8,4,False,6,0.085,14.91403579711914,225,,,49,False,29.0625
bruteforce_pruning,7,8,5,False,6,0.128,52.39701271057129,2,2762,4174,49,True,29.9375
greedy_path_mces,7,8,5,False,6,0.092,18.698930740356445,0,0,0,49,False,29.984375
ilp_r2,7,8,2,False,4,0.494,421.33092880249023,7,,,49,True,30.203125
bruteforce,7,8,5,False,6,0.167,90.36612510681152,5040,0,0,49,True,30.1875
connected_mces,7,8,5,False,6,0.115,41.09382629394531,2,2762,4174,49,True,29.734375
simulated_annealing,7,8,5,False,6,0.085,13.112068176269531,225,,,49,False,29.953125
connected_mces,7,10,1,False,9,0.087,19.147872924804688,4,1080,1928,49,True,28.84375
bruteforce_pruning,7,10,1,False,9,0.093,23.93794059753418,4,1080,1928,49,True,29.484375
bruteforce,7,10,1,False,9,0.178,106.10604286193848,5040,0,0,49,True,29.875
greedy_path_mces,7,10,1,False,6,0.107,32.88698196411133,0,0,0,49,False,29.71875
simulated_annealing,7,10,1,False,8,0.087,14.077901840209961,225,,,49,False,30.125
ilp_r2,7,10,1,False,6,0.106,34.71994400024414,7,,,49,True,29.90625
greedy_path_mces,7,10,2,False,6,0.089,13.805627822875977,0,0,0,49,False,29.578125
connected_mces,7,10,2,False,8,0.108,29.63709831237793,2,1724,2570,49,True,30.15625
bruteforce_pruning,7,10,2,False,8,0.119,37.97578811645508,2,1724,2570,49,True,30.328125
bruteforce,7,10,2,False,8,0.189,107.14292526245117,5040,0,0,49,True,29.515625
simulated_annealing,7,10,2,False,8,0.087,14.477014541625977,225,,,49,False,28.359375
bruteforce_pruning,7,10,3,False,9,0.102,26.237964630126953,5,1273,2294,49,True,29.59375
connected_mces,7,10,3,False,9,0.093,20.932912826538086,5,1273,2294,49,True,28.375
bruteforce,7,10,3,False,9,0.184,109.3900203704834,5040,0,0,49,True,29.375
greedy_path_mces,7,10,3,False,6,0.085,5.656003952026367,0,0,0,49,False,28.953125
simulated_annealing,7,10,3,False,8,0.09,15.491962432861328,225,,,49,False,29.109375
ilp_r2,7,10,3,False,3,0.104,31.852006912231445,7,,,49,True,29.890625
ilp_r2,7,8,5,False,4,0.704,632.8439712524414,7,,,49,True,30.484375
connected_mces,7,10,4,False,8,0.113,43.179988861083984,5,2847,3789,49,True,29.78125
bruteforce_pruning,7,10,4,False,8,0.128,55.90701103210449,5,2847,3789,49,True,29.28125
bruteforce,7,10,4,False,8,0.182,109.04693603515625,5040,0,0,49,True,30.1875
ilp_r2,7,10,2,False,7,0.479,404.2372703552246,7,,,49,True,29.6875
greedy_path_mces,7,10,4,False,7,0.085,14.341115951538086,0,0,0,49,False,30.296875
simulated_annealing,7,10,4,False,8,0.087,14.151811599731445,225,,,49,False,30.125
bruteforce_pruning,7,10,5,False,9,0.085,16.85619354248047,2,712,1477,49,True,29.609375
connected_mces,7,10,5,False,9,0.085,13.417959213256836,2,712,1477,49,True,29.453125
greedy_path_mces,7,10,5,False,7,0.094,24.4448184967041,0,0,0,49,False,29.109375
bruteforce,7,10,5,False,9,0.179,109.21525955200195,5040,0,0,49,True,29.921875
simulated_annealing,7,10,5,False,9,0.082,13.748884201049805,225,,,49,False,29.09375
ilp_r2,7,10,5,False,9,0.11,36.66806221008301,7,,,49,True,30.4375
bruteforce_pruning,7,14,1,False,13,0.095,22.679805755615234,4,711,1163,49,True,29.875
connected_mces,7,14,1,False,13,0.088,17.29583740234375,4,711,1163,49,True,29.90625
greedy_path_mces,7,14,1,False,11,0.07,3.7429332733154297,0,0,0,49,False,28.8125
bruteforce,7,14,1,False,13,0.218,147.66287803649902,5040,0,0,49,True,29.515625
ilp_r2,7,14,1,False,6,0.101,32.53912925720215,7,,,49,True,30.109375
simulated_annealing,7,14,1,False,13,0.083,15.964984893798828,225,,,49,False,28.515625
ilp_r2,7,10,4,False,5,0.454,387.22825050354004,7,,,49,True,29.671875
greedy_path_mces,7,14,2,False,11,0.073,4.071235656738281,0,0,0,49,False,29.578125
connected_mces,7,14,2,False,12,0.119,51.48816108703613,3,2270,3001,49,True,29.25
bruteforce_pruning,7,14,2,False,12,0.134,64.12696838378906,3,2270,3001,49,True,29.796875
bruteforce,7,14,2,False,12,0.219,147.43804931640625,5040,0,0,49,True,29.21875
simulated_annealing,7,14,2,False,12,0.084,15.455961227416992,225,,,49,False,28.9375
greedy_path_mces,7,14,3,False,10,0.068,3.606081008911133,0,0,0,49,False,28.078125
bruteforce_pruning,7,14,3,False,12,0.123,50.187110900878906,3,1614,2199,49,True,30.046875
connected_mces,7,14,3,False,12,0.108,38.565874099731445,3,1614,2199,49,True,28.96875
bruteforce,7,14,3,False,12,0.22,149.05881881713867,5040,0,0,49,True,29.3125
simulated_annealing,7,14,3,False,12,0.085,16.08586311340332,225,,,49,False,29.125
connected_mces,7,14,4,False,13,0.084,17.80080795288086,4,734,1118,49,True,29.171875
bruteforce_pruning,7,14,4,False,13,0.09,22.750139236450195,4,734,1118,49,True,28.25
bruteforce,7,14,4,False,13,0.216,150.02894401550293,5040,0,0,49,True,28.875
greedy_path_mces,7,14,4,False,9,0.084,14.585256576538086,0,0,0,49,False,29.0
ilp_r2,7,14,2,False,7,0.488,419.658899307251,7,,,49,True,30.640625
ilp_r2,7,14,4,False,7,0.117,51.300048828125,7,,,49,True,29.390625
simulated_annealing,7,14,4,False,13,0.089,17.02594757080078,225,,,49,False,29.046875
bruteforce_pruning,7,14,5,False,13,0.099,22.493362426757812,5,733,1182,49,True,29.046875
greedy_path_mces,7,14,5,False,11,0.071,5.1860809326171875,0,0,0,49,False,28.9375
connected_mces,7,14,5,False,13,0.098,17.8987979888916,5,733,1182,49,True,30.46875
simulated_annealing,7,14,5,False,13,0.084,15.591859817504883,225,,,49,False,29.828125
ilp_r2,7,14,3,False,5,0.491,423.19583892822266,7,,,49,True,29.953125
bruteforce,7,14,5,False,13,0.227,154.32214736938477,5040,0,0,49,True,29.75
ilp_r2,7,14,5,False,1,0.121,51.095008850097656,7,,,49,True,30.3125
bruteforce_pruning,8,7,1,False,7,0.073,3.5479068756103516,4,186,387,64,True,29.78125
connected_mces,8,7,1,False,7,0.088,16.208887100219727,84,1124,964,64,True,29.59375
greedy_path_mces,8,7,1,False,7,0.093,24.31797981262207,0,0,0,64,False,29.265625
ilp_r2,8,7,1,False,4,0.101,33.59413146972656,8,,,64,True,29.890625
simulated_annealing,8,7,1,False,7,0.089,15.434026718139648,225,,,64,False,29.5
bruteforce_pruning,8,7,2,False,7,0.07,1.85394287109375,5,92,227,64,True,28.625
connected_mces,8,7,2,False,7,0.094,26.361942291259766,123,1779,1727,64,True,28.71875
greedy_path_mces,8,7,2,False,5,0.101,30.128955841064453,0,0,0,64,False,30.078125
ilp_r2,8,7,2,False,2,0.109,38.285017013549805,8,,,64,True,30.40625
simulated_annealing,8,7,2,False,6,0.097,15.530824661254883,225,,,64,False,31.0625
bruteforce_pruning,8,7,3,False,7,0.074,7.313251495361328,6,442,1085,64,True,28.859375
connected_mces,8,7,3,False,7,0.121,55.45306205749512,149,4107,4360,64,True,28.25
greedy_path_mces,8,7,3,False,5,0.09,22.958040237426758,0,0,0,64,False,29.15625
simulated_annealing,8,7,3,False,6,0.106,15.920877456665039,225,,,64,False,31.28125
ilp_r2,8,7,3,False,2,0.127,42.446136474609375,8,,,64,True,31.375
bruteforce,8,7,1,False,7,0.713,641.7760848999023,40320,0,0,64,True,29.078125
bruteforce_pruning,8,7,4,False,7,0.095,15.691041946411133,5,735,1708,64,True,30.71875
greedy_path_mces,8,7,4,False,5,0.096,23.602962493896484,0,0,0,64,False,29.796875
connected_mces,8,7,4,False,7,0.175,98.60897064208984,445,6223,6850,64,True,30.0625
bruteforce,8,7,2,False,7,0.719,647.3250389099121,40320,0,0,64,True,29.953125
ilp_r2,8,7,4,False,2,0.102,36.09180450439453,8,,,64,True,29.140625
simulated_annealing,8,7,4,False,6,0.089,15.844106674194336,225,,,64,False,30.390625
bruteforce_pruning,8,7,5,False,7,0.086,15.416860580444336,7,861,1980,64,True,29.5625
bruteforce,8,7,3,False,7,0.721,645.3509330749512,40320,0,0,64,True,30.0
greedy_path_mces,8,7,5,False,6,0.092,22.99809455871582,0,0,0,64,False,29.203125
connected_mces,8,7,5,False,7,0.174,104.95400428771973,250,7434,8489,64,True,29.296875
ilp_r2,8,7,5,False,3,0.096,30.935049057006836,8,,,64,True,28.5
simulated_annealing,8,7,5,False,7,0.083,15.059947967529297,225,,,64,False,28.78125
bruteforce_pruning,8,9,1,False,7,0.148,84.80310440063477,4,3369,7977,64,True,27.921875
connected_mces,8,9,1,False,7,0.134,70.35994529724121,14,3419,7979,64,True,27.5625
bruteforce,8,7,4,False,7,0.701,618.7698841094971,40320,0,0,64,True,29.90625
greedy_path_mces,8,9,1,False,5,0.09,24.140119552612305,0,0,0,64,False,28.609375
simulated_annealing,8,9,1,False,7,0.079,16.10088348388672,225,,,64,False,27.875
bruteforce_pruning,8,9,2,False,8,0.12,42.196035385131836,7,1233,3367,64,True,29.390625
bruteforce,8,7,5,False,7,0.714,641.7360305786133,40320,0,0,64,True,30.015625
connected_mces,8,9,2,False,8,0.12,34.11722183227539,41,1527,3570,64,True,31.09375
greedy_path_mces,8,9,2,False,7,0.109,27.24909782409668,0,0,0,64,False,30.765625
ilp_r2,8,9,2,False,7,0.156,78.36222648620605,8,,,64,True,31.421875
simulated_annealing,8,9,2,False,7,0.113,16.2661075592041,225,,,64,False,30.65625
bruteforce_pruning,8,9,3,False,8,0.08,9.863138198852539,5,314,1029,64,True,29.578125
connected_mces,8,9,3,False,8,0.074,8.112907409667969,9,323,1026,64,True,29.1875
bruteforce,8,9,1,False,7,0.882,816.2531852722168,40320,0,0,64,True,28.25
greedy_path_mces,8,9,3,False,7,0.088,23.415803909301758,0,0,0,64,False,27.984375
ilp_r2,8,9,3,False,4,0.095,31.79001808166504,8,,,64,True,28.265625
simulated_annealing,8,9,3,False,7,0.081,16.358137130737305,225,,,64,False,27.59375
ilp_r2,8,9,1,False,3,0.826,760.4930400848389,8,,,64,True,28.359375
bruteforce_pruning,8,9,4,False,8,0.089,25.007963180541992,5,1053,2322,64,True,27.828125
connected_mces,8,9,4,False,8,0.084,20.81918716430664,17,1113,2320,64,True,27.5625
bruteforce,8,9,2,False,8,0.89,823.4741687774658,40320,0,0,64,True,28.28125
greedy_path_mces,8,9,4,False,5,0.093,26.916980743408203,0,0,0,64,False,27.734375
ilp_r2,8,9,4,False,6,0.099,36.50188446044922,8,,,64,True,28.46875
simulated_annealing,8,9,4,False,7,0.082,16.529083251953125,225,,,64,False,28.078125
bruteforce_pruning,8,9,5,False,8,0.132,67.87467002868652,6,3027,6626,64,True,27.921875
connected_mces,8,9,5,False,8,0.12,56.10799789428711,7,3028,6625,64,True,27.5625
greedy_path_mces,8,9,5,False,7,0.087,23.540973663330078,0,0,0,64,False,27.59375
ilp_r2,8,9,5,False,4,0.099,36.39101982116699,8,,,64,True,28.453125
bruteforce,8,9,3,False,8,0.825,753.6618709564209,40320,0,0,64,True,29.21875
simulated_annealing,8,9,5,False,8,0.082,17.21811294555664,225,,,64,False,27.890625
connected_mces,8,12,1,False,10,0.214,152.1279811859131,5,7484,14286,64,True,28.609375
bruteforce_pruning,8,12,1,False,10,0.26,192.00372695922852,5,7484,14286,64,True,29.640625
bruteforce,8,9,4,False,8,0.817,751.2261867523193,40320,0,0,64,True,27.6875
greedy_path_mces,8,12,1,False,8,0.11,45.3181266784668,0,0,0,64,False,28.0
simulated_annealing,8,12,1,False,9,0.088,18.82195472717285,225,,,64,False,29.875
bruteforce,8,9,5,False,8,0.822,756.6561698913574,40320,0,0,64,True,28.53125
bruteforce_pruning,8,12,2,False,10,0.132,65.14811515808105,7,1625,4117,64,True,28.703125
greedy_path_mces,8,12,2,False,10,0.071,5.127906799316406,0,0,0,64,False,29.15625
connected_mces,8,12,2,False,10,0.12,53.58171463012695,57,1732,4084,64,True,28.171875
simulated_annealing,8,12,2,False,9,0.084,17.79794692993164,225,,,64,False,28.4375
bruteforce,8,12,1,False,10,1.045,978.0118465423584,40320,0,0,64,True,28.546875
ilp_r2,8,12,1,False,6,0.844,777.6730060577393,8,,,64,True,29.4375
bruteforce_pruning,8,12,3,False,11,0.22,142.48132705688477,6,4628,9339,64,True,29.796875
connected_mces,8,12,3,False,11,0.18,109.02118682861328,6,4628,9339,64,True,29.5
greedy_path_mces,8,12,3,False,8,0.097,26.266098022460938,0,0,0,64,False,28.9375
bruteforce,8,12,2,False,10,1.053,980.3431034088135,40320,0,0,64,True,29.6875
simulated_annealing,8,12,3,False,11,0.089,17.913103103637695,225,,,64,False,28.0
ilp_r2,8,12,3,False,9,0.115,39.22390937805176,8,,,64,True,30.65625
connected_mces,8,12,4,False,10,0.248,174.76177215576172,18,8441,16465,64,True,29.3125
bruteforce_pruning,8,12,4,False,10,0.294,219.51699256896973,6,8424,16477,64,True,29.53125
greedy_path_mces,8,12,4,False,9,0.114,46.00691795349121,0,0,0,64,False,28.890625
bruteforce,8,12,3,False,11,1.068,998.5778331756592,40320,0,0,64,True,28.21875
ilp_r2,8,12,4,False,1,0.121,53.29108238220215,8,,,64,True,29.59375
simulated_annealing,8,12,4,False,9,0.092,18.0208683013916,225,,,64,False,29.640625
ilp_r2,8,12,2,False,1,1.258,1190.3901100158691,8,,,64,True,30.28125
greedy_path_mces,8,12,5,False,8,0.068,5.034923553466797,0,0,0,64,False,28.203125
bruteforce_pruning,8,12,5,False,11,0.13,61.67125701904297,5,1825,4016,64,True,29.140625
connected_mces,8,12,5,False,11,0.117,49.08013343811035,5,1825,4016,64,True,28.359375
simulated_annealing,8,12,5,False,10,0.085,18.5546875,225,,,64,False,28.0
ilp_r2,8,12,5,False,5,0.107,38.529157638549805,8,,,64,True,30.875
connected_mces,8,16,1,False,14,0.218,146.96907997131348,5,4321,8805,64,True,29.265625
bruteforce_pruning,8,16,1,False,14,0.259,192.5528049468994,5,4321,8805,64,True,29.1875
greedy_path_mces,8,16,1,False,13,0.082,5.439996719360352,0,0,0,64,False,30.71875
simulated_annealing,8,16,1,False,14,0.093,20.663738250732422,225,,,64,False,30.390625
ilp_r2,8,16,1,False,5,0.153,77.5601863861084,8,,,64,True,31.0
bruteforce,8,12,4,False,10,1.081,1009.5000267028809,40320,0,0,64,True,29.234375
connected_mces,8,16,2,False,14,0.354,263.84830474853516,6,9311,15383,64,True,31.125
bruteforce_pruning,8,16,2,False,14,0.426,334.395170211792,6,9311,15383,64,True,30.46875
greedy_path_mces,8,16,2,False,11,0.075,5.491971969604492,0,0,0,64,False,29.390625
bruteforce,8,12,5,False,11,1.107,1038.0339622497559,40320,0,0,64,True,29.203125
simulated_annealing,8,16,2,False,14,0.086,20.687103271484375,225,,,64,False,28.390625
ilp_r2,8,16,2,False,8,0.145,76.3857364654541,8,,,64,True,30.171875
connected_mces,8,16,3,False,14,0.259,191.52593612670898,8,6867,12657,64,True,29.546875
bruteforce_pruning,8,16,3,False,14,0.319,247.06101417541504,5,6862,12660,64,True,30.140625
greedy_path_mces,8,16,3,False,10,0.071,5.352020263671875,0,0,0,64,False,28.75
bruteforce,8,16,1,False,14,1.406,1335.5457782745361,40320,0,0,64,True,30.0
simulated_annealing,8,16,3,False,14,0.09,20.6758975982666,225,,,64,False,29.46875
ilp_r2,8,16,3,False,11,0.188,120.44095993041992,8,,,64,True,28.921875
bruteforce,8,16,2,False,14,1.401,1304.908037185669,40320,0,0,64,True,30.8125
connected_mces,8,16,4,False,13,0.346,280.92098236083984,5,9241,15902,64,True,28.328125
bruteforce_pruning,8,16,4,False,13,0.428,360.26692390441895,5,9241,15902,64,True,28.8125
greedy_path_mces,8,16,4,False,11,0.094,26.6568660736084,0,0,0,64,False,28.25
simulated_annealing,8,16,4,False,13,0.089,20.312070846557617,225,,,64,False,29.125
bruteforce,8,16,3,False,14,1.357,1288.6288166046143,40320,0,0,64,True,29.65625
bruteforce_pruning,8,16,5,False,14,0.344,277.5249481201172,6,6558,13443,64,True,28.671875
greedy_path_mces,8,16,5,False,10,0.073,5.410909652709961,0,0,0,64,False,29.171875
connected_mces,8,16,5,False,14,0.278,210.8137607574463,6,6558,13443,64,True,28.78125
simulated_annealing,8,16,5,False,13,0.084,19.85478401184082,225,,,64,False,28.375
bruteforce,8,16,4,False,13,1.345,1276.6437530517578,40320,0,0,64,True,29.296875
bruteforce_pruning,9,8,1,False,8,0.081,8.677005767822266,7,347,781,81,True,29.421875
ilp_r2,8,16,4,False,8,1.065,999.021053314209,8,,,64,True,29.78125
greedy_path_mces,9,8,1,False,7,0.094,29.879093170166016,0,0,0,81,False,28.484375
ilp_r2,8,16,5,False,5,0.638,573.2078552246094,8,,,64,True,29.328125
simulated_annealing,9,8,1,False,7,0.084,18.440961837768555,225,,,81,False,29.21875
ilp_r2,9,8,1,False,3,0.1,34.35015678405762,9,,,81,True,29.59375
bruteforce_pruning,9,8,2,False,8,0.08,15.558958053588867,6,606,1441,81,True,29.359375
connected_mces,9,8,1,False,8,0.419,352.43797302246094,1257,20165,22901,81,True,28.125
bruteforce,8,16,5,False,14,1.355,1285.2551937103271,40320,0,0,64,True,30.359375
greedy_path_mces,9,8,2,False,7,0.093,28.37204933166504,0,0,0,81,False,28.296875
ilp_r2,9,8,2,False,4,0.103,34.33990478515625,9,,,81,True,30.4375
simulated_annealing,9,8,2,False,7,0.086,18.98503303527832,225,,,81,False,29.015625
bruteforce_pruning,9,8,3,False,8,0.103,35.33315658569336,5,1545,2876,81,True,29.375
connected_mces,9,8,2,False,8,0.442,376.8811225891113,1405,20344,28362,81,True,28.5625
greedy_path_mces,9,8,3,False,6,0.095,30.357837677001953,0,0,0,81,False,28.4375
ilp_r2,9,8,3,False,6,0.099,34.90877151489258,9,,,81,True,28.546875
simulated_annealing,9,8,3,False,7,0.087,19.819021224975586,225,,,81,False,29.296875
connected_mces,9,8,3,False,8,0.764,697.0758438110352,961,40552,57189,81,True,29.03125
bruteforce_pruning,9,8,4,False,8,0.132,66.64395332336426,8,3186,7018,81,True,28.859375
connected_mces,9,8,4,False,8,0.173,91.05396270751953,26,5384,12204,81,True,29.703125
greedy_path_mces,9,8,4,False,6,0.093,30.422210693359375,0,0,0,81,False,27.671875
ilp_r2,9,8,4,False,7,0.098,34.418344497680664,9,,,81,True,28.953125
simulated_annealing,9,8,4,False,7,0.083,18.980979919433594,225,,,81,False,28.75
bruteforce,9,8,1,False,8,6.246,6178.199768066406,362880,0,0,81,True,28.203125
bruteforce_pruning,9,8,5,False,8,0.091,24.139881134033203,6,949,2036,81,True,29.359375
bruteforce,9,8,2,False,8,6.135,6068.135976791382,362880,0,0,81,True,28.65625
connected_mces,9,8,5,False,8,0.361,294.6000099182129,951,16876,21073,81,True,29.34375
greedy_path_mces,9,8,5,False,7,0.099,28.36298942565918,0,0,0,81,False,28.8125
simulated_annealing,9,8,5,False,6,0.085,18.94688606262207,225,,,81,False,29.359375
ilp_r2,9,8,5,False,6,0.102,35.46595573425293,9,,,81,True,29.609375
bruteforce,9,8,3,False,8,6.14,6072.131633758545,362880,0,0,81,True,29.546875
bruteforce,9,8,4,False,8,6.113,6047.788858413696,362880,0,0,81,True,28.203125
greedy_path_mces,9,10,1,False,8,0.094,29.84333038330078,0,0,0,81,False,27.953125
connected_mces,9,10,1,False,8,1.273,1210.5858325958252,915,67051,120824,81,True,28.03125
bruteforce_pruning,9,10,1,False,8,1.448,1384.5081329345703,5,59746,120198,81,True,28.296875
simulated_annealing,9,10,1,False,8,0.086,19.975900650024414,225,,,81,False,29.015625
bruteforce,9,8,5,False,8,6.108,6040.169954299927,362880,0,0,81,True,29.125
ilp_r2,9,10,1,False,2,0.952,889.636754989624,9,,,81,True,28.359375
greedy_path_mces,9,10,2,False,7,0.118,51.491737365722656,0,0,0,81,False,28.609375
bruteforce_pruning,9,10,2,False,9,0.475,394.27804946899414,8,13497,33028,81,True,30.0625
ilp_r2,9,10,2,False,5,0.184,120.64385414123535,9,,,81,True,29.296875
simulated_annealing,9,10,2,False,8,0.086,19.77396011352539,225,,,81,False,28.546875
connected_mces,9,10,2,False,9,0.601,535.8872413635254,147,24406,49762,81,True,28.296875
bruteforce_pruning,9,10,3,False,8,0.267,200.42705535888672,7,6049,19667,81,True,28.71875
greedy_path_mces,9,10,3,False,7,0.096,32.282114028930664,0,0,0,81,False,28.46875
connected_mces,9,10,3,False,8,0.655,588.7317657470703,505,25412,45815,81,True,29.328125
simulated_annealing,9,10,3,False,7,0.085,20.124197006225586,225,,,81,False,27.671875
ilp_r2,9,10,3,False,6,0.891,829.075813293457,9,,,81,True,28.765625
bruteforce_pruning,9,10,4,False,9,0.493,427.20484733581543,7,15275,40662,81,True,29.03125
connected_mces,9,10,4,False,9,0.415,348.5541343688965,15,15285,40654,81,True,29.3125
greedy_path_mces,9,10,4,False,7,0.098,33.46705436706543,0,0,0,81,False,28.859375
ilp_r2,9,10,4,False,4,0.113,49.89290237426758,9,,,81,True,28.765625
simulated_annealing,9,10,4,False,8,0.135,20.014047622680664,225,,,81,False,31.578125
bruteforce,9,10,1,False,8,7.566,7497.7781772613525,362880,0,0,81,True,29.578125
bruteforce_pruning,9,10,5,False,8,0.229,155.46798706054688,8,4662,14048,81,True,29.890625
connected_mces,9,10,5,False,8,0.186,122.51114845275879,28,4702,14028,81,True,28.28125
greedy_path_mces,9,10,5,False,7,0.093,28.847932815551758,0,0,0,81,False,28.265625
bruteforce,9,10,2,False,9,7.664,7579.347848892212,362880,0,0,81,True,30.015625
simulated_annealing,9,10,5,False,7,0.094,20.392894744873047,225,,,81,False,29.59375
ilp_r2,9,10,5,False,3,1.346,1283.4818363189697,9,,,81,True,28.46875
bruteforce,9,10,3,False,8,7.619,7556.870937347412,362880,0,0,81,True,28.1875
bruteforce_pruning,9,13,1,False,11,0.242,173.583984375,6,3984,13277,81,True,29.609375
greedy_path_mces,9,13,1,False,9,0.074,9.25898551940918,0,0,0,81,False,28.140625
connected_mces,9,13,1,False,11,0.202,137.9070281982422,6,3984,13277,81,True,28.234375
simulated_annealing,9,13,1,False,10,0.091,21.682024002075195,225,,,81,False,28.59375
bruteforce,9,10,4,False,9,7.599,7533.599138259888,362880,0,0,81,True,29.203125
bruteforce_pruning,9,13,2,False,11,0.325,260.3940963745117,7,6279,18194,81,True,28.328125
ilp_r2,9,13,1,False,6,1.104,1035.3448390960693,9,,,81,True,29.578125
greedy_path_mces,9,13,2,False,9,0.074,9.207963943481445,0,0,0,81,False,28.578125
connected_mces,9,13,2,False,11,0.286,214.54906463623047,21,6482,18442,81,True,30.03125
simulated_annealing,9,13,2,False,10,0.089,21.783113479614258,225,,,81,False,29.125
bruteforce,9,10,5,False,8,7.574,7507.914066314697,362880,0,0,81,True,28.984375
ilp_r2,9,13,2,False,4,1.23,1167.1679019927979,9,,,81,True,28.984375
connected_mces,9,13,3,False,11,0.686,618.7877655029297,86,21579,42354,81,True,28.375
greedy_path_mces,9,13,3,False,9,0.096,30.887842178344727,0,0,0,81,False,28.4375
bruteforce_pruning,9,13,3,False,11,0.857,788.362979888916,6,21459,42434,81,True,29.03125
simulated_annealing,9,13,3,False,10,0.089,22.365093231201172,225,,,81,False,28.96875
ilp_r2,9,13,3,False,4,0.22,153.89609336853027,8,,,81,True,30.03125
bruteforce_pruning,9,13,4,False,10,0.493,425.91118812561035,7,9212,27414,81,True,28.6875
connected_mces,9,13,4,False,10,0.405,337.82124519348145,56,9428,27451,81,True,28.953125
greedy_path_mces,9,13,4,False,9,0.095,29.890060424804688,0,0,0,81,False,29.203125
ilp_r2,9,13,4,False,0,1.32,1254.4941902160645,9,,,81,True,30.03125
simulated_annealing,9,13,4,False,9,0.1,29.381275177001953,225,,,81,False,28.640625
bruteforce,9,13,1,False,11,9.343,9265.54012298584,362880,0,0,81,True,30.328125
bruteforce_pruning,9,13,5,False,10,0.513,443.5389041900635,6,9845,26212,81,True,29.296875
bruteforce,9,13,2,False,11,9.369,9302.528858184814,362880,0,0,81,True,29.03125
greedy_path_mces,9,13,5,False,6,0.101,35.398244857788086,0,0,0,81,False,28.953125
connected_mces,9,13,5,False,10,0.408,342.0426845550537,10,9850,26208,81,True,28.671875
simulated_annealing,9,13,5,False,10,0.086,21.84605598449707,225,,,81,False,28.28125
ilp_r2,9,13,5,False,5,1.156,1087.0692729949951,9,,,81,True,29.46875
bruteforce,9,13,3,False,11,9.393,9316.252946853638,362880,0,0,81,True,29.46875
connected_mces,9,18,1,False,15,1.501,1388.4706497192383,6,41954,80343,81,True,30.5
greedy_path_mces,9,18,1,False,12,0.074,9.39178466796875,0,0,0,81,False,28.125
bruteforce_pruning,9,18,1,False,15,1.907,1826.07102394104,6,41954,80343,81,True,30.46875
simulated_annealing,9,18,1,False,13,0.087,24.55592155456543,225,,,81,False,27.90625
bruteforce,9,13,4,False,10,9.487,9419.765949249268,362880,0,0,81,True,29.1875
bruteforce_pruning,9,18,2,False,16,0.43,363.4147644042969,7,6630,16375,81,True,28.421875
connected_mces,9,18,2,False,16,0.337,270.63894271850586,7,6630,16375,81,True,28.96875
greedy_path_mces,9,18,2,False,13,0.121,55.62996864318848,0,0,0,81,False,28.390625
ilp_r2,9,18,1,False,6,1.363,1293.6391830444336,9,,,81,True,29.859375
simulated_annealing,9,18,2,False,15,0.095,26.281118392944336,225,,,81,False,29.078125
ilp_r2,9,18,2,False,6,0.838,774.6801376342773,9,,,81,True,29.375
bruteforce,9,13,5,False,10,9.388,9316.362142562866,362880,0,0,81,True,30.546875
bruteforce_pruning,9,18,3,False,15,1.331,1261.584997177124,8,26693,69783,81,True,28.328125
greedy_path_mces,9,18,3,False,13,0.07,7.791757583618164,0,0,0,81,False,28.0
connected_mces,9,18,3,False,15,1.051,987.501859664917,8,26693,69783,81,True,28.140625
simulated_annealing,9,18,3,False,13,0.087,24.70684051513672,225,,,81,False,27.5625
ilp_r2,9,18,3,False,6,1.104,1036.7369651794434,9,,,81,True,29.8125
bruteforce_pruning,9,18,4,False,15,1.175,1106.044054031372,6,19716,45705,81,True,20.140625
connected_mces,9,18,4,False,15,0.818,742.2990798950195,6,19716,45705,81,True,29.78125
greedy_path_mces,9,18,4,False,12,0.07,7.591009140014648,0,0,0,81,False,27.96875
ilp_r2,9,18,4,False,7,1.527,1442.0039653778076,9,,,81,True,31.125
simulated_annealing,9,18,4,False,15,0.092,24.811983108520508,225,,,81,False,29.03125
bruteforce,9,18,1,False,15,12.768,12701.752185821533,362880,0,0,81,True,17.078125
bruteforce_pruning,9,18,5,False,17,0.609,545.4328060150146,10,10356,28629,81,True,28.140625
connected_mces,9,18,5,False,17,0.478,411.8831157684326,10,10356,28629,81,True,28.15625
greedy_path_mces,9,18,5,False,12,0.07,7.591009140014648,0,0,0,81,False,27.703125
ilp_r2,9,18,5,False,7,0.106,41.93711280822754,9,,,81,True,29.6875
simulated_annealing,9,18,5,False,15,0.087,24.646282196044922,225,,,81,False,27.90625
bruteforce,9,18,2,False,16,12.852,12777.314186096191,362880,0,0,81,True,15.40625
bruteforce_pruning,10,9,1,False,9,0.122,53.877830505371094,7,1603,5432,100,True,29.34375
connected_mces,10,9,1,False,9,0.155,91.95184707641602,37,3764,11090,100,True,28.234375
greedy_path_mces,10,9,1,False,7,0.098,35.70985794067383,0,0,0,100,False,27.640625
ilp_r2,10,9,1,False,4,0.105,41.49794578552246,10,,,100,True,28.796875
simulated_annealing,10,9,1,False,7,0.088,22.68695831298828,225,,,100,False,28.28125
bruteforce,9,18,3,False,15,12.873,12803.62319946289,362880,0,0,81,True,16.640625
bruteforce_pruning,10,9,2,False,9,0.152,88.2570743560791,8,3127,7759,100,True,27.890625
bruteforce,9,18,4,False,15,12.817,12751.446008682251,362880,0,0,81,True,17.34375
greedy_path_mces,10,9,2,False,8,0.094,31.570911407470703,0,0,0,100,False,27.9375
connected_mces,10,9,2,False,9,2.383,2319.147825241089,3488,120273,141424,100,True,28.125
ilp_r2,10,9,2,False,5,0.102,37.635087966918945,10,,,100,True,29.796875
simulated_annealing,10,9,2,False,7,0.086,22.360801696777344,225,,,100,False,27.625
bruteforce_pruning,10,9,3,False,9,0.153,90.87300300598145,6,2815,10534,100,True,27.921875
connected_mces,10,9,3,False,9,1.138,1073.8961696624756,606,46293,98736,100,True,28.171875
greedy_path_mces,10,9,3,False,7,0.08,13.22793960571289,0,0,0,100,False,29.140625
ilp_r2,10,9,3,False,3,0.124,60.85801124572754,10,,,100,True,30.109375
simulated_annealing,10,9,3,False,8,0.097,22.81498908996582,225,,,100,False,30.734375
bruteforce,9,18,5,False,17,12.673,12605.28302192688,362880,0,0,81,True,28.90625
bruteforce_pruning,10,9,4,False,9,0.147,78.60302925109863,7,2841,12780,100,True,29.3125
connected_mces,10,9,4,False,9,0.142,80.39069175720215,160,3695,13130,100,True,27.921875
greedy_path_mces,10,9,4,False,8,0.099,36.40389442443848,0,0,0,100,False,28.75
ilp_r2,10,9,4,False,1,0.099,37.142038345336914,10,,,100,True,28.515625
simulated_annealing,10,9,4,False,8,0.085,23.049116134643555,225,,,100,False,27.921875
bruteforce,10,9,1,False,9,66.431,66365.12398719788,3628800,0,0,100,True,19.609375
bruteforce_pruning,10,9,5,False,9,0.432,341.6156768798828,8,11602,28192,100,True,29.609375
bruteforce,10,9,2,False,9,65.819,65753.13687324524,3628800,0,0,100,True,17.5
greedy_path_mces,10,9,5,False,8,0.101,31.420230865478516,0,0,0,100,False,29.859375
ilp_r2,10,9,5,False,4,0.136,67.55185127258301,10,,,100,True,29.984375
simulated_annealing,10,9,5,False,6,0.085,22.57990837097168,225,,,100,False,28.75
connected_mces,10,9,5,False,9,4.166,4080.1379680633545,5613,215930,249986,100,True,29.734375
bruteforce_pruning,10,12,1,False,11,0.277,207.31186866760254,8,4728,16177,100,True,30.046875
connected_mces,10,12,1,False,11,0.23,162.4429225921631,25,4777,16167,100,True,30.078125
bruteforce,10,9,3,False,9,66.163,66096.93217277527,3628800,0,0,100,True,17.296875
greedy_path_mces,10,12,1,False,7,0.128,63.15112113952637,0,0,0,100,False,28.0
ilp_r2,10,12,1,False,7,0.104,41.724205017089844,10,,,100,True,28.546875
simulated_annealing,10,12,1,False,9,0.095,25.251150131225586,225,,,100,False,29.921875
bruteforce,10,9,4,False,9,65.808,65731.48989677429,3628800,0,0,100,True,15.34375
bruteforce_pruning,10,12,2,False,11,1.469,1405.16996383667,5,35523,116458,100,True,27.859375
greedy_path_mces,10,12,2,False,8,0.172,105.8340072631836,0,0,0,100,False,29.234375
ilp_r2,10,12,2,False,8,0.106,38.29503059387207,10,,,100,True,30.296875
simulated_annealing,10,12,2,False,8,0.088,24.956941604614258,225,,,100,False,28.015625
connected_mces,10,12,2,False,11,1.242,1175.9400367736816,32,36410,118076,100,True,28.171875
bruteforce_pruning,10,12,3,False,10,2.184,2119.7502613067627,6,54722,188387,100,True,28.140625
bruteforce,10,9,5,False,9,66.416,66351.50098800659,3628800,0,0,100,True,18.84375
greedy_path_mces,10,12,3,False,8,0.099,33.88214111328125,0,0,0,100,False,28.484375
ilp_r2,10,12,3,False,6,0.907,835.1292610168457,10,,,100,True,30.15625
simulated_annealing,10,12,3,False,8,0.091,24.554967880249023,225,,,100,False,30.046875
connected_mces,10,12,3,False,10,1.773,1705.4128646850586,22,54781,188394,100,True,28.6875
bruteforce_pruning,10,12,4,False,10,5.226,5156.569719314575,8,165209,404436,100,True,29.28125
connected_mces,10,12,4,False,10,4.732,4656.543970108032,78,189986,438014,100,True,30.140625
greedy_path_mces,10,12,4,False,9,0.122,55.12499809265137,0,0,0,100,False,29.671875
ilp_r2,10,12,4,False,7,0.156,86.06314659118652,10,,,100,True,30.6875
simulated_annealing,10,12,4,False,8,0.091,24.908065795898438,225,,,100,False,29.25
bruteforce,10,12,1,False,11,90.366,90289.34407234192,3628800,0,0,100,True,15.3125
bruteforce_pruning,10,12,5,False,10,2.85,2758.3417892456055,9,73091,192068,100,True,29.859375
bruteforce,10,12,2,False,11,91.674,91601.5932559967,3628800,0,0,100,True,15.234375
greedy_path_mces,10,12,5,False,8,0.14,67.12770462036133,0,0,0,100,False,30.375
connected_mces,10,12,5,False,10,2.5,2434.12184715271,41,77657,200492,100,True,28.390625
bruteforce,10,12,3,False,10,90.577,90503.81898880005,3628800,0,0,100,True,15.3125
simulated_annealing,10,12,5,False,8,0.123,28.289079666137695,225,,,100,False,30.65625
ilp_r2,10,12,5,False,5,2.1,2035.6290340423584,10,,,100,True,18.6875
bruteforce,10,12,4,False,10,90.946,90835.61110496521,3628800,0,0,100,True,15.3125
greedy_path_mces,10,15,1,False,9,0.242,80.66892623901367,0,0,0,100,False,31.203125
ilp_r2,10,15,1,False,6,0.734,446.6569423675537,10,,,100,True,26.515625
simulated_annealing,10,15,1,False,11,0.26,39.77394104003906,225,,,100,False,31.484375
bruteforce_pruning,10,15,1,False,13,6.938,6847.9719161987305,7,107416,312145,100,True,15.515625
connected_mces,10,15,1,False,13,5.692,5624.905347824097,27,107458,312134,100,True,15.625
connected_mces,10,15,2,False,13,0.682,618.3369159698486,21,15349,45867,100,True,28.140625
bruteforce_pruning,10,15,2,False,13,0.854,788.8240814208984,10,15236,45814,100,True,28.65625
greedy_path_mces,10,15,2,False,9,0.099,34.533023834228516,0,0,0,100,False,27.875
simulated_annealing,10,15,2,False,12,0.103,28.05805206298828,225,,,100,False,29.859375
ilp_r2,10,15,2,False,8,0.474,411.16905212402344,10,,,100,True,28.8125
bruteforce_pruning,10,15,3,False,12,7.265,7190.544843673706,7,160192,434197,100,True,18.125
bruteforce,10,12,5,False,10,93.349,93273.98681640625,3628800,0,0,100,True,15.28125
greedy_path_mces,10,15,3,False,10,0.103,17.9440975189209,0,0,0,100,False,30.5625
ilp_r2,10,15,3,False,4,2.086,2018.794059753418,10,,,100,True,30.328125
simulated_annealing,10,15,3,False,11,0.092,26.90577507019043,225,,,100,False,28.84375
connected_mces,10,15,3,False,12,6.107,5846.252202987671,33,160278,434183,100,True,27.640625
bruteforce_pruning,10,15,4,False,12,8.664,8589.936256408691,8,189726,444555,100,True,16.859375
connected_mces,10,15,4,False,12,6.788,6714.635133743286,9,189727,444554,100,True,30.203125
greedy_path_mces,10,15,4,False,10,0.104,35.02392768859863,0,0,0,100,False,29.328125
ilp_r2,10,15,4,False,7,2.02,1937.7248287200928,10,,,100,True,30.609375
simulated_annealing,10,15,4,False,11,0.089,26.211023330688477,225,,,100,False,27.8125
bruteforce,10,15,1,False,13,110.371,110263.2429599762,3628800,0,0,100,True,15.03125
bruteforce_pruning,10,15,5,False,12,2.934,2844.719886779785,6,51096,174064,100,True,27.640625
bruteforce,10,15,2,False,13,108.768,108656.04400634766,3628800,0,0,100,True,15.125
greedy_path_mces,10,15,5,False,11,0.1,35.330772399902344,0,0,0,100,False,28.84375
connected_mces,10,15,5,False,12,2.237,2148.2796669006348,57,51269,174095,100,True,31.46875
simulated_annealing,10,15,5,False,12,0.102,32.11688995361328,225,,,100,False,29.796875
ilp_r2,10,15,5,False,8,1.931,1862.3671531677246,10,,,100,True,30.734375
bruteforce,10,15,3,False,12,108.489,108422.5549697876,3628800,0,0,100,True,15.015625
connected_mces,10,20,1,False,16,11.01,10944.59319114685,14,269233,654129,100,True,16.734375
greedy_path_mces,10,20,1,False,14,0.103,10.59103012084961,0,0,0,100,False,31.0
bruteforce,10,15,4,False,12,109.316,109239.28594589233,3628800,0,0,100,True,15.078125
simulated_annealing,10,20,1,False,13,0.116,33.847808837890625,225,,,100,False,29.140625
ilp_r2,10,20,1,False,5,1.865,1788.5711193084717,10,,,100,True,31.734375
bruteforce_pruning,10,20,1,False,16,14.304,14234.329223632812,10,269229,654133,100,True,17.78125
connected_mces,10,20,2,False,16,9.949,9841.464042663574,7,213031,563090,100,True,15.640625
greedy_path_mces,10,20,2,False,12,0.181,72.40819931030273,0,0,0,100,False,31.140625
bruteforce_pruning,10,20,2,False,16,13.365,13286.659002304077,7,213031,563090,100,True,21.125
simulated_annealing,10,20,2,False,16,0.098,29.68120574951172,225,,,100,False,30.0
ilp_r2,10,20,2,False,8,2.525,2453.7668228149414,10,,,100,True,30.375
bruteforce,10,15,5,False,12,107.433,107366.18614196777,3628800,0,0,100,True,15.078125
connected_mces,10,20,3,False,17,14.625,14548.228740692139,14,365612,787340,100,True,18.53125
greedy_path_mces,10,20,3,False,11,0.173,83.37998390197754,0,0,0,100,False,30.203125
bruteforce_pruning,10,20,3,False,17,19.007,18939.101934432983,9,365607,787345,100,True,18.234375
simulated_annealing,10,20,3,False,16,0.097,29.822111129760742,225,,,100,False,28.0625
ilp_r2,10,20,3,False,8,1.636,1572.1747875213623,10,,,100,True,28.78125
bruteforce_pruning,10,20,4,False,17,0.733,666.5270328521729,7,8384,34790,100,True,28.9375
connected_mces,10,20,4,False,17,0.623,549.7210025787354,10,8387,34787,100,True,30.359375
greedy_path_mces,10,20,4,False,12,0.075,11.509895324707031,0,0,0,100,False,28.484375
ilp_r2,10,20,4,False,7,2.298,2231.8310737609863,10,,,100,True,29.359375
simulated_annealing,10,20,4,False,16,0.116,35.00699996948242,225,,,100,False,29.75
bruteforce,10,20,1,False,16,135.393,135320.43504714966,3628800,0,0,100,True,15.25
bruteforce_pruning,10,20,5,False,17,4.281,4173.672199249268,9,64733,198546,100,True,29.78125
connected_mces,10,20,5,False,17,3.339,3275.128126144409,10,64735,198545,100,True,28.09375
greedy_path_mces,10,20,5,False,13,0.13,65.82093238830566,0,0,0,100,False,28.375
ilp_r2,10,20,5,False,11,1.776,1713.6919498443604,10,,,100,True,28.859375
simulated_annealing,10,20,5,False,16,0.092,29.28471565246582,225,,,100,False,27.953125
bruteforce,10,20,2,False,16,142.553,142472.08905220032,3628800,0,0,100,True,15.34375
bruteforce_pruning,11,10,1,False,10,0.265,176.23615264892578,9,4509,14874,121,True,29.3125
connected_mces,11,10,1,False,10,5.734,5668.3173179626465,3908,205873,397956,121,True,28.28125
greedy_path_mces,11,10,1,False,8,0.116,46.68998718261719,0,0,0,121,False,27.890625
ilp_r2,11,10,1,False,4,0.139,65.70792198181152,11,,,121,True,29.90625
simulated_annealing,11,10,1,False,8,0.09,27.270078659057617,225,,,121,False,27.953125
bruteforce,10,20,3,False,17,141.916,141847.07903862,3628800,0,0,100,True,15.265625
bruteforce_pruning,11,10,2,False,10,1.142,1072.2980499267578,8,33962,102740,121,True,29.15625
connected_mces,11,10,2,False,10,18.036,17970.66617012024,6323,759338,1506028,121,True,28.15625
greedy_path_mces,11,10,2,False,7,0.104,36.55290603637695,0,0,0,121,False,28.96875
ilp_r2,11,10,2,False,6,0.135,70.80984115600586,11,,,121,True,30.03125
simulated_annealing,11,10,2,False,8,0.11,26.793956756591797,225,,,121,False,31.140625
bruteforce,10,20,4,False,17,141.971,141899.6398448944,3628800,0,0,100,True,15.25
bruteforce_pruning,11,10,3,False,10,0.345,281.4977169036865,10,7766,26016,121,True,28.34375
bruteforce,10,20,5,False,17,141.36,141282.77206420898,3628800,0,0,100,True,15.265625
greedy_path_mces,11,10,3,False,8,0.108,39.30401802062988,0,0,0,121,False,29.421875
ilp_r2,11,10,3,False,3,0.104,41.6109561920166,11,,,121,True,28.9375
simulated_annealing,11,10,3,False,8,0.091,26.664018630981445,225,,,121,False,29.125
connected_mces,11,10,3,False,10,16.063,15997.79200553894,13381,570076,1109423,121,True,17.5
bruteforce_pruning,11,10,4,False,10,0.342,244.41981315612793,9,6582,22155,121,True,30.625
connected_mces,11,10,4,False,10,5.236,5169.284820556641,6922,215965,317396,121,True,29.859375
greedy_path_mces,11,10,4,False,7,0.085,17.628908157348633,0,0,0,121,False,30.0
ilp_r2,11,10,4,False,6,0.135,71.91276550292969,11,,,121,True,29.796875
simulated_annealing,11,10,4,False,7,0.089,26.49521827697754,225,,,121,False,28.265625
bruteforce,11,10,1,True,,300.005,,,,,,,
bruteforce_pruning,11,10,5,False,10,2.976,2873.378038406372,9,102782,365417,121,True,30.625
bruteforce,11,10,2,True,,300.006,,,,,,,
greedy_path_mces,11,10,5,False,9,0.115,46.4780330657959,0,0,0,121,False,29.46875
ilp_r2,11,10,5,False,4,0.131,68.79878044128418,11,,,121,True,28.859375
simulated_annealing,11,10,5,False,7,0.089,26.734113693237305,225,,,121,False,27.671875
connected_mces,11,10,5,False,10,19.311,19243.05295944214,9883,854340,1486622,121,True,28.703125
bruteforce_pruning,11,13,1,False,11,1.148,1084.6631526947021,10,20418,78701,121,True,28.171875
connected_mces,11,13,1,False,11,0.999,935.5978965759277,481,23855,80973,121,True,28.09375
greedy_path_mces,11,13,1,False,7,0.13,67.51489639282227,0,0,0,121,False,27.875
ilp_r2,11,13,1,False,6,1.921,1854.9950122833252,11,,,121,True,28.921875
simulated_annealing,11,13,1,False,9,0.095,28.992891311645508,225,,,121,False,29.328125
bruteforce,11,10,3,True,,300.006,,,,,,,
bruteforce,11,10,4,True,,300.003,,,,,,,
bruteforce_pruning,11,13,2,False,10,7.062,6969.074249267578,7,138317,557485,121,True,30.046875
greedy_path_mces,11,13,2,False,9,0.123,59.87215042114258,0,0,0,121,False,27.96875
ilp_r2,11,13,2,False,6,2.737,2674.743175506592,10,,,121,True,28.859375
simulated_annealing,11,13,2,False,9,0.091,29.461145401000977,225,,,121,False,27.953125
connected_mces,11,13,2,False,10,6.573,6508.452892303467,1779,185726,593122,121,True,27.859375
bruteforce_pruning,11,13,3,False,11,5.713,5646.061897277832,7,119025,404010,121,True,28.078125
connected_mces,11,13,3,False,11,4.533,4461.36212348938,1424,127488,407880,121,True,29.515625
greedy_path_mces,11,13,3,False,10,0.113,48.20680618286133,0,0,0,121,False,28.375
bruteforce,11,10,5,True,,300.004,,,,,,,
simulated_annealing,11,13,3,False,11,0.096,29.16407585144043,225,,,121,False,28.71875
ilp_r2,11,13,3,False,8,1.794,1725.7990837097168,11,,,121,True,30.453125
bruteforce_pruning,11,13,4,False,11,1.938,1872.23219871521,9,35514,130841,121,True,28.828125
connected_mces,11,13,4,False,11,2.976,2907.8221321105957,1213,82717,210243,121,True,29.734375
greedy_path_mces,11,13,4,False,9,0.081,15.825033187866211,0,0,0,121,False,29.53125
ilp_r2,11,13,4,False,4,1.719,1655.182123184204,11,,,121,True,29.046875
simulated_annealing,11,13,4,False,7,0.099,28.805971145629883,225,,,121,False,29.921875
bruteforce,11,13,1,True,,300.007,,,,,,,
bruteforce_pruning,11,13,5,False,10,6.258,6162.985801696777,9,141655,424680,121,True,29.765625
bruteforce,11,13,2,True,,300.004,,,,,,,
greedy_path_mces,11,13,5,False,7,0.156,58.32481384277344,0,0,0,121,False,29.25
ilp_r2,11,13,5,False,8,1.733,1665.6451225280762,10,,,121,True,31.546875
simulated_annealing,11,13,5,False,9,0.098,28.50627899169922,225,,,121,False,27.578125
connected_mces,11,13,5,False,10,5.509,5418.3008670806885,176,164556,462492,121,True,29.609375
bruteforce_pruning,11,16,1,False,13,20.555,20483.28399658203,8,485348,1373815,121,True,20.8125
bruteforce,11,13,3,True,,300.004,,,,,,,
greedy_path_mces,11,16,1,False,10,0.102,38.83624076843262,0,0,0,121,False,27.6875
ilp_r2,11,16,1,False,9,2.245,2179.2151927948,11,,,121,True,28.8125
simulated_annealing,11,16,1,False,13,0.101,31.36610984802246,225,,,121,False,29.875
bruteforce,11,13,4,True,,300.006,,,,,,,
bruteforce_pruning,11,16,2,False,13,2.81,2745.4936504364014,10,54073,189973,121,True,27.96875
connected_mces,11,16,1,False,13,18.815,18723.252773284912,27,574426,1511941,121,True,29.828125
greedy_path_mces,11,16,2,False,9,0.129,67.59786605834961,0,0,0,121,False,27.625
connected_mces,11,16,2,False,13,2.228,2164.5052433013916,87,54536,190064,121,True,27.890625
ilp_r2,11,16,2,False,6,2.161,2098.668098449707,11,,,121,True,28.671875
simulated_annealing,11,16,2,False,11,0.093,29.967069625854492,225,,,121,False,27.84375
bruteforce,11,13,5,True,,300.005,,,,,,,
connected_mces,11,16,3,False,13,20.081,20014.967679977417,24,515543,1634286,121,True,28.109375
greedy_path_mces,11,16,3,False,9,0.131,37.384986877441406,0,0,0,121,False,29.65625
ilp_r2,11,16,3,False,10,2.222,2159.4760417938232,11,,,121,True,28.96875
simulated_annealing,11,16,3,False,11,0.094,31.399011611938477,225,,,121,False,27.9375
bruteforce_pruning,11,16,3,False,13,25.868,25804.24690246582,8,515499,1634302,121,True,27.9375
bruteforce_pruning,11,16,4,False,13,113.956,113888.63611221313,8,2652770,7351836,121,True,15.59375
connected_mces,11,16,4,False,13,90.549,90421.52404785156,61,2696472,7389441,121,True,15.703125
greedy_path_mces,11,16,4,False,12,0.13,17.652034759521484,0,0,0,121,False,29.75
ilp_r2,11,16,4,False,8,2.359,2293.475866317749,11,,,121,True,30.796875
simulated_annealing,11,16,4,False,10,0.097,31.553983688354492,225,,,121,False,28.21875
bruteforce,11,16,1,True,,300.004,,,,,,,
bruteforce,11,16,2,True,,300.005,,,,,,,
bruteforce,11,16,3,True,,300.013,,,,,,,
greedy_path_mces,11,16,5,False,9,0.143,49.96800422668457,0,0,0,121,False,29.703125
ilp_r2,11,16,5,False,8,2.459,2397.6261615753174,11,,,121,True,29.78125
simulated_annealing,11,16,5,False,12,0.108,32.258033752441406,225,,,121,False,30.40625
bruteforce_pruning,11,16,5,False,13,66.936,66842.20504760742,8,1585938,4591331,121,True,17.0625
bruteforce,11,16,4,True,,300.005,,,,,,,
connected_mces,11,22,1,False,18,10.002,9937.199831008911,18,208643,649171,121,True,27.96875
greedy_path_mces,11,22,1,False,15,0.076,14.014959335327148,0,0,0,121,False,27.90625
bruteforce_pruning,11,22,1,False,18,13.128,13039.17908668518,12,208627,649177,121,True,29.8125
connected_mces,11,16,5,False,13,52.506,52432.366132736206,12,1585942,4591327,121,True,15.671875
simulated_annealing,11,22,1,False,15,0.113,37.56308555603027,225,,,121,False,29.328125
ilp_r2,11,22,1,False,11,2.652,2584.1150283813477,11,,,121,True,29.578125
connected_mces,11,22,2,False,17,37.485,37418.200731277466,17,610849,2157524,121,True,17.15625
greedy_path_mces,11,22,2,False,11,0.126,38.851022720336914,0,0,0,121,False,29.65625
ilp_r2,11,22,2,False,6,3.343,3281.6901206970215,11,,,121,True,29.125
simulated_annealing,11,22,2,False,14,0.098,35.581111907958984,225,,,121,False,27.953125
bruteforce_pruning,11,22,2,False,17,49.174,49104.84004020691,11,610793,2157511,121,True,18.90625
bruteforce_pruning,11,22,3,False,17,12.02,11951.886892318726,9,176613,650056,121,True,29.515625
connected_mces,11,22,3,False,17,9.155,9081.641912460327,15,176621,650050,121,True,29.8125
greedy_path_mces,11,22,3,False,13,0.13,60.99200248718262,0,0,0,121,False,29.234375
ilp_r2,11,22,3,False,10,2.526,2462.83221244812,11,,,121,True,29.09375
simulated_annealing,11,22,3,False,15,0.096,33.38193893432617,225,,,121,False,27.9375
bruteforce,11,16,5,True,,300.007,,,,,,,
bruteforce,11,22,1,True,,300.005,,,,,,,
bruteforce,11,22,2,True,,300.007,,,,,,,
greedy_path_mces,11,22,4,False,13,0.181,92.62633323669434,0,0,0,121,False,29.609375
ilp_r2,11,22,4,False,4,3.788,3725.4929542541504,11,,,121,True,29.03125
simulated_annealing,11,22,4,False,15,0.099,33.9198112487793,225,,,121,False,29.578125
bruteforce,11,22,3,True,,300.005,,,,,,,
bruteforce,11,22,4,True,,300.006,,,,,,,
bruteforce_pruning,11,22,5,False,18,34.141,34048.17795753479,11,545116,1496360,121,True,17.078125
greedy_path_mces,11,22,5,False,13,0.078,14.000177383422852,0,0,0,121,False,28.109375
ilp_r2,11,22,5,False,8,2.253,2189.661979675293,11,,,121,True,29.171875
simulated_annealing,11,22,5,False,15,0.099,34.073829650878906,225,,,121,False,28.953125
bruteforce_pruning,11,22,4,False,17,183.54,183420.59898376465,8,3122424,7953156,121,True,15.71875
bruteforce_pruning,12,11,1,False,11,1.34,1276.1051654815674,10,28969,122253,144,True,27.75
connected_mces,11,22,5,False,18,25.984,25891.743183135986,11,545116,1496360,121,True,29.859375
greedy_path_mces,12,11,1,False,9,0.148,59.78202819824219,0,0,0,144,False,29.8125
ilp_r2,12,11,1,False,2,0.142,79.3449878692627,12,,,144,True,29.0
simulated_annealing,12,11,1,False,7,0.094,31.798124313354492,225,,,144,False,28.046875
connected_mces,11,22,4,False,17,139.002,138892.24410057068,20,3122442,7953144,121,True,16.59375
bruteforce_pruning,12,11,2,False,11,0.28,217.10205078125,11,5065,14436,144,True,28.046875
connected_mces,12,11,2,False,11,7.165,7100.937843322754,4969,260665,430976,144,True,28.09375
greedy_path_mces,12,11,2,False,9,0.127,58.274030685424805,0,0,0,144,False,29.625
ilp_r2,12,11,2,False,8,0.109,46.61917686462402,12,,,144,True,28.984375
simulated_annealing,12,11,2,False,8,0.094,31.733036041259766,225,,,144,False,27.9375
connected_mces,12,11,1,False,11,64.721,64652.915954589844,89956,2275080,4041947,144,True,16.15625
bruteforce_pruning,12,11,3,False,11,0.607,516.9799327850342,11,11706,53948,144,True,29.53125
connected_mces,12,11,3,False,11,44.931,44865.21816253662,9946,1344821,4110099,144,True,19.21875
greedy_path_mces,12,11,3,False,8,0.151,42.439937591552734,0,0,0,144,False,29.6875
ilp_r2,12,11,3,False,8,0.137,75.27518272399902,12,,,144,True,29.015625
simulated_annealing,12,11,3,False,8,0.094,31.889915466308594,225,,,144,False,28.03125
bruteforce,11,22,5,True,,300.006,,,,,,,
bruteforce_pruning,12,11,4,False,11,0.836,742.2399520874023,10,18372,71215,144,True,29.4375
connected_mces,12,11,4,False,11,2.359,2295.1109409332275,798,76868,234055,144,True,28.140625
greedy_path_mces,12,11,4,False,10,0.113,46.369075775146484,0,0,0,144,False,29.828125
ilp_r2,12,11,4,False,8,0.133,70.22285461425781,12,,,144,True,29.71875
simulated_annealing,12,11,4,False,8,0.095,31.45003318786621,225,,,144,False,27.875
bruteforce,12,11,1,True,,300.005,,,,,,,
bruteforce_pruning,12,11,5,False,11,2.436,2320.3659057617188,9,62068,154484,144,True,29.8125
bruteforce,12,11,2,True,,300.006,,,,,,,
greedy_path_mces,12,11,5,False,10,0.105,38.33913803100586,0,0,0,144,False,29.359375
ilp_r2,12,11,5,False,5,0.135,73.02975654602051,12,,,144,True,29.140625
simulated_annealing,12,11,5,False,8,0.094,31.72898292541504,225,,,144,False,27.953125
bruteforce,12,11,3,True,,300.005,,,,,,,
bruteforce_pruning,12,14,1,False,12,29.52,29452.085971832275,9,566328,2370796,144,True,22.15625
connected_mces,12,14,1,False,12,25.175,25081.96997642517,5451,629411,2443350,144,True,29.609375
greedy_path_mces,12,14,1,False,8,0.13,63.54093551635742,0,0,0,144,False,28.28125
ilp_r2,12,14,1,False,8,2.047,1985.5270385742188,12,,,144,True,28.96875
simulated_annealing,12,14,1,False,9,0.096,33.70809555053711,225,,,144,False,27.84375
connected_mces,12,11,5,False,11,104.033,103966.25709533691,28915,3937560,6978266,144,True,16.109375
bruteforce,12,11,4,True,,300.005,,,,,,,
bruteforce_pruning,12,14,2,False,12,7.675,7578.932046890259,11,155012,581504,144,True,29.90625
greedy_path_mces,12,14,2,False,10,0.09,17.35210418701172,0,0,0,144,False,29.75
ilp_r2,12,14,2,False,8,0.19,126.19304656982422,12,,,144,True,29.59375
simulated_annealing,12,14,2,False,8,0.095,33.490896224975586,225,,,144,False,27.671875
connected_mces,12,14,2,False,12,7.823,7755.989074707031,1460,216515,679907,144,True,28.34375
bruteforce_pruning,12,14,3,False,12,7.116,7050.493955612183,10,137933,569324,144,True,28.109375
connected_mces,12,14,3,False,12,6.881,6815.562009811401,678,173111,626023,144,True,28.015625
greedy_path_mces,12,14,3,False,11,0.163,100.35300254821777,0,0,0,144,False,27.875
ilp_r2,12,14,3,False,6,1.454,1392.1318054199219,12,,,144,True,29.125
simulated_annealing,12,14,3,False,10,0.096,33.84995460510254,225,,,144,False,27.84375
bruteforce,12,11,5,True,,299.957,,,,,,,
bruteforce,12,14,1,True,,299.954,,,,,,,
bruteforce_pruning,12,14,4,False,12,111.512,111397.71962165833,9,2676658,7952259,144,True,29.890625
greedy_path_mces,12,14,4,False,11,0.124,61.46407127380371,0,0,0,144,False,27.875
ilp_r2,12,14,4,False,8,4.573,4511.139154434204,12,,,144,True,29.078125
simulated_annealing,12,14,4,False,9,0.103,34.620046615600586,225,,,144,False,29.78125
bruteforce,12,14,2,True,,299.954,,,,,,,
connected_mces,12,14,4,False,12,92.33,92215.14081954956,1568,2812003,8167047,144,True,15.921875
bruteforce,12,14,3,True,,299.952,,,,,,,
greedy_path_mces,12,14,5,False,9,0.087,23.700952529907227,0,0,0,144,False,28.296875
bruteforce_pruning,12,14,5,False,11,24.143,24028.55086326599,10,465968,2265032,144,True,29.890625
simulated_annealing,12,14,5,False,10,0.098,32.408952713012695,225,,,144,False,27.84375
ilp_r2,12,14,5,False,5,3.118,3052.6108741760254,12,,,144,True,29.71875
bruteforce,12,14,4,True,,299.953,,,,,,,
connected_mces,12,14,5,False,11,70.264,70169.62790489197,20665,2041683,5164741,144,True,17.546875
greedy_path_mces,12,18,1,False,12,0.157,65.55008888244629,0,0,0,144,False,29.9375
ilp_r2,12,18,1,False,9,4.787,4722.466945648193,12,,,144,True,30.765625
simulated_annealing,12,18,1,False,13,0.103,37.40429878234863,225,,,144,False,28.90625
connected_mces,12,18,1,False,15,125.899,125802.80995368958,48,2811562,11456917,144,True,16.015625
bruteforce_pruning,12,18,1,False,15,161.369,161300.81415176392,8,2811227,11456776,144,True,16.203125
bruteforce,12,14,5,True,,300.002,,,,,,,
greedy_path_mces,12,18,2,False,10,0.219,47.91879653930664,0,0,0,144,False,31.28125
ilp_r2,12,18,2,False,9,4.16,4090.9030437469482,12,,,144,True,22.375
simulated_annealing,12,18,2,False,10,0.106,37.26315498352051,225,,,144,False,29.6875
bruteforce,12,18,1,True,,300.002,,,,,,,
bruteforce_pruning,12,18,3,False,13,34.871,34757.70401954651,10,689557,3255830,144,True,30.046875
connected_mces,12,18,3,False,13,27.798,27704.44393157959,229,693557,3260723,144,True,30.125
greedy_path_mces,12,18,3,False,11,0.165,74.8450756072998,0,0,0,144,False,29.46875
ilp_r2,12,18,3,False,7,5.032,4966.564178466797,12,,,144,True,29.6875
simulated_annealing,12,18,3,False,10,0.103,35.62808036804199,225,,,144,False,29.34375
bruteforce,12,18,2,True,,300.0,,,,,,,
bruteforce_pruning,12,18,4,False,14,54.515,54443.60971450806,11,711865,2591610,144,True,16.03125
bruteforce_pruning,12,18,2,True,,300.003,,,,,,,
greedy_path_mces,12,18,4,False,10,0.145,43.72596740722656,0,0,0,144,False,29.78125
ilp_r2,12,18,4,False,7,5.58,5481.031894683838,12,,,144,True,21.078125
simulated_annealing,12,18,4,False,13,0.158,42.00315475463867,225,,,144,False,31.3125
connected_mces,12,18,2,True,,300.002,,,,,,,
connected_mces,12,18,4,False,14,43.72,43601.02987289429,974,714693,2592028,144,True,16.109375
connected_mces,12,18,5,False,15,52.28,52173.27523231506,113,1012051,4484656,144,True,15.6875
greedy_path_mces,12,18,5,False,11,0.21,90.23308753967285,0,0,0,144,False,29.921875
ilp_r2,12,18,5,False,11,4.046,3946.4211463928223,12,,,144,True,32.203125
simulated_annealing,12,18,5,False,13,0.104,37.58597373962402,225,,,144,False,29.421875
bruteforce_pruning,12,18,5,False,15,66.947,66845.69072723389,9,1011686,4484514,144,True,15.5
bruteforce,12,18,3,True,,300.001,,,,,,,
bruteforce,12,18,4,True,,300.004,,,,,,,
greedy_path_mces,12,24,1,False,14,0.132,19.620895385742188,0,0,0,144,False,30.09375
ilp_r2,12,24,1,False,7,4.281,4219.2089557647705,12,,,144,True,29.0625
simulated_annealing,12,24,1,False,17,0.104,42.02079772949219,225,,,144,False,27.859375
bruteforce,12,18,5,True,,300.003,,,,,,,
bruteforce,12,24,1,True,,300.003,,,,,,,
bruteforce_pruning,12,24,1,True,,300.003,,,,,,,
greedy_path_mces,12,24,2,False,14,0.106,41.92686080932617,0,0,0,144,False,28.0
connected_mces,12,24,1,True,,300.001,,,,,,,
simulated_annealing,12,24,2,False,16,0.11,41.322946548461914,225,,,144,False,28.0
ilp_r2,12,24,2,False,12,5.528,5466.099977493286,12,,,144,True,29.265625
bruteforce,12,24,2,True,,300.001,,,,,,,
bruteforce_pruning,12,24,2,True,,300.002,,,,,,,
greedy_path_mces,12,24,3,False,14,0.209,86.3199234008789,0,0,0,144,False,30.5625
ilp_r2,12,24,3,False,6,11.243,11119.240045547485,12,,,144,True,19.25
simulated_annealing,12,24,3,False,18,0.27,72.32308387756348,225,,,144,False,31.609375
connected_mces,12,24,2,True,,300.002,,,,,,,
bruteforce,12,24,3,True,,300.001,,,,,,,
bruteforce_pruning,12,24,3,True,,300.001,,,,,,,
greedy_path_mces,12,24,4,False,15,0.106,42.52123832702637,0,0,0,144,False,27.921875
ilp_r2,12,24,4,False,14,6.744,6681.720018386841,12,,,144,True,28.921875
simulated_annealing,12,24,4,False,16,0.109,41.120052337646484,225,,,144,False,29.390625
connected_mces,12,24,3,True,,300.004,,,,,,,
bruteforce,12,24,4,True,,300.003,,,,,,,
bruteforce_pruning,12,24,4,True,,300.004,,,,,,,
greedy_path_mces,12,24,5,False,15,0.156,65.3538703918457,0,0,0,144,False,29.515625
connected_mces,12,24,4,True,,300.001,,,,,,,
simulated_annealing,12,24,5,False,16,0.14,44.37828063964844,225,,,144,False,30.828125
ilp_r2,12,24,5,False,10,9.158,9093.939065933228,12,,,144,True,21.328125
bruteforce,12,24,5,True,,300.0,,,,,,,
bruteforce_pruning,12,24,5,True,,300.002,,,,,,,
connected_mces,12,24,5,True,,300.003,,,,,,,
